Workbook

Sheet losa horm
A1: Datos Arq | E1: Losa
A2: L1 | B2: 3.96 | C2: m | E2: Lmax | F2: =+MAX(B2:B5) -> 6.75 | G2: m | M2: Nervio | P2: Nervio | S2: Nervio
A3: L2 | B3: 6.75 | C3: m | E3: Viga int | F3: 1 | G3: u | M3: L | N3: =+B2 -> 3.96 | O3: m | P3: L | Q3: =+B3 -> 6.75 | R3: m | S3: L | T3: =+B4 -> 4.56 | U3: m
A4: L3 | B4: 4.56 | C4: m | E4: L real | F4: =+F2/(F3+1) -> 3.375 | G4: m | M4: at | N4: 0.5 | O4: m | P4: at | Q4: =+N4 -> 0.5 | R4: m | S4: at | T4: =+Q4 -> 0.5 | U4: m
A5: L4 | B5: 4.2 | C5: m | E5: hmin | F5: =+F4*100*0.03 -> 10.125 | G5: cm | M5: Cu | N5: =+'VIGAS horm'!B13 -> 1.16336 | O5: t/m2 | P5: Cu | Q5: =+N5 -> 1.16336 | R5: t/m2 | S5: Cu | T5: =+Q5 -> 1.16336 | U5: t/m2
A6: Pisos | B6: 2 | C6: u | E6: Imin | F6: =+F15*F5^3 /12 -> 8649.7559 | G6: cm4 | M6: Wr | N6: =+N5*N4 -> 0.58168 | O6: t/m | P6: Wr | Q6: =+Q5*Q4 -> 0.58168 | R6: t/m | S6: Wr | T6: =+T5*T4 -> 0.58168 | U6: t/m
A7: He | B7: 3.4 | C7: m | E7: I losa | F7: =+K28 -> 49097.222 | G7: cm4 | M7: Mu | N7: =+N6*N3^2 /12 -> 0.76013942 | O7: t-m | P7: Mu | Q7: =+Q6*Q3^2 /12 -> 2.2085663 | R7: t-m | S7: Mu | T7: =+T6*T3^2 /12 -> 1.0079351 | U7: t-m
E8: =+IF(F7<F6,"Suba h o Viga Intermedia","OK") -> OK | M8: b | N8: 10 | O8: cm | P8: b | Q8: 10 | R8: cm | S8: b | T8: 10 | U8: cm
A9: Paredes | B9: Pesado | M9: h | N9: =+F11 -> 25 | O9: cm | P9: h | Q9: =+N9 -> 25 | R9: cm | S9: h | T9: =+Q9 -> 25 | U9: cm
A10: Alivian | B10: Pesado | E10: Datos losa | M10: As | N10: =30*N7/(N9-3)*0.75 -> 0.77741532 | O10: cm2 | P10: As | Q10: =30*Q7/(Q9-3)*0.75 -> 2.2587609 | R10: cm2 | S10: As | T10: =30*T7/(T9-3)*0.75 -> 1.0308427 | U10: cm2
E11: Hl | F11: 25 | G11: cm | I11: V total | J11: =+F15*F15/10000*F11/100 -> 0.25 | K11: m3 | M11: As inf | N11: =+N10*0.65 -> 0.50531996 | O11: cm2 | P11: As inf | Q11: =+Q10*0.65 -> 1.4681946 | R11: cm2 | S11: As inf | T11: =+T10*0.65 -> 0.67004777 | U11: cm2
A12: Cm | B12: =+J16+0.08+B18+B19 -> 0.7028 | C12: t/m2 | E12: bn | F12: 10 | G12: cm | I12: V bloq | J12: =+F13^2*(F11-F14)*4/1000000 -> 0.128 | K12: m3
E13: bb | F13: 40 | G13: cm | I13: V horm | J13: =+J11-J12 -> 0.122 | K13: m3
E14: tc | F14: 5 | G14: cm | I14: Peso | J14: =+J13*2.4 -> 0.2928 | K14: t
E15: L total | F15: =2*F12+2*F13 -> 100 | G15: cm | I15: Area | J15: =+F15*F15/10000 -> 1 | K15: m2
E16: cg | F16: =+H28/F28 -> 16.944444 | G16: cm | I16: P horm | J16: =+J14/J15 -> 0.2928 | K16: t/m2
E17: h equival | F17: =+(12*F7/F15)^(0.333333333333333) -> 18.061177 | G17: cm
A18: Paredes | B18: =+IF(B9="Pesado",0.18,0.06) -> 0.18 | C18: t/m2 | E18: L max | F18: =+F17/0.03 /100 -> 6.0203924 | G18: m
A19: Alivian | B19: =+IF(B10="Pesado",0.75*(F11-F14)/100,0) -> 0.15 | C19: t/m2
E20: Plosa eq | F20: =2.4*F17/100 -> 0.43346826 | G20: t/m2
E21: P etabs | F21: =+B12-F20 -> 0.26933174 | G21: t/m2
F24: A | G24: y | H24: Ay | I24: Io | J24: d2 | K24: It
E25: 1 | F25: =+F12*(F11-F14) -> 200 | G25: =+(F11-F14)/2 -> 10 | H25: =+F25*G25 -> 2000 | I25: =+F12*(F11-F14)^3 /12 -> 6666.6667 | J25: =+(G25-$F$16)^2 -> 48.225309 | K25: =+I25+F25*J25 -> 16311.728
E26: 2 | F26: =+F25 -> 200 | G26: =+G25 -> 10 | H26: =+F26*G26 -> 2000 | I26: =+I25 -> 6666.6667 | J26: =+(G26-$F$16)^2 -> 48.225309 | K26: =+I26+F26*J26 -> 16311.728
E27: 3 | F27: =+F15*F14 -> 500 | G27: =+F11-F14/2 -> 22.5 | H27: =+F27*G27 -> 11250 | I27: =+F15*F14^3 /12 -> 1041.6667 | J27: =+(G27-$F$16)^2 -> 30.864198 | K27: =+I27+F27*J27 -> 16473.765
F28: =SUM(F25:F27) -> 900 | H28: =SUM(H25:H27) -> 15250 | K28: =SUM(K25:K27) -> 49097.222

Sheet VIGAS horm
A1: Datos Arq | E1: Viga
A2: L1 | B2: =+'losa horm'!B2 -> 3.96 | C2: m | E2: Lv | F2: =+MAX(B2:B3) -> 6.75 | G2: m | I2: Cortante
A3: L2 | B3: =+'losa horm'!B3 -> 6.75 | C3: m | E3: Lt | F3: =+AVERAGE(B4:B5) -> 4.38 | G3: m | I3: Vug | J3: =+(2*F2-F3)*F3*B13/4 -> 11.617778 | K3: t
A4: L3 | B4: =+'losa horm'!B4 -> 4.56 | C4: m | E4: Mdis | F4: =+B13*F3*(F2-0.3)^2 /8 *0.65*0.85*1.1 -> 16.104329 | G4: t-m | I4: Vum | J4: =+(J18+J19)/(F2-J17-F11/25) -> 6.4833242 | K4: t
A5: L4 | B5: =+'losa horm'!B5 -> 4.2 | C5: m | E5: Mres | F5: =0.9*(F21*B17*(F13-F31/2))/100000 -> 14.772171 | G5: t-m | I5: Vu | J5: =SUM(J3:J4) -> 18.101103 | K5: t
A6: Pisos | B6: =+'losa horm'!B6 -> 2 | C6: u | E6: D/C | F6: =+F4/F5 -> 1.0901803 | I6: Vc | J6: =0.53*B16^0.5*F8*F13/1000 -> 6.61285 | K6: t
A7: He | B7: =+'losa horm'!B7 -> 3.4 | C7: m | E7: Datos viga | I7: Vs | J7: =+(J5-0.75*J6)/0.75 -> 17.521953 | K7: t
A8: Uso | B8: Vivienda | E8: b | F8: 30 | G8: cm | I8: fi | J8: 10 | K8: mm
E9: rec | F9: 2.5 | G9: cm | I9: Ab | J9: =0.00785*J8^2 -> 0.785 | K9: cm2
E10: hmin | F10: =+ROUNDUP((F4*100000/0.145/B16/F8)^0.5+F9,0) -> 45 | G10: cm | I10: s | J10: =+F13*J9*2*B17/J7/1000 -> 10.800611 | K10: cm
A11: =+'losa horm'!A12 -> Cm | B11: =+'losa horm'!B12 -> 0.7028 | C11: =+'losa horm'!C12 -> t/m2 | E11: hdef | F11: 33 | G11: cm | I11: smax | J11: =ROUNDUP(MIN(F13/4,6*F16/10,10,J10),0) -> 8 | K11: cm
A12: Cv | B12: =+IF(B8="Vivienda",0.2,IF(B8="Oficina",0.25,IF(B8="Pesada",0.48,0.35))) -> 0.2 | C12: t/m2 | E12: rel | F12: =+F11/F8 -> 1.1 | G12: =+IF(F12<1.1,"NO",IF(F12>1.6,"NO","OK")) -> OK | I12: Zprot | J12: =2*F11 -> 66 | K12: cm
A13: Cu | B13: =+B11*1.2+B12*1.6 -> 1.16336 | C13: t/m2 | E13: d | F13: =+F11-F9-J8/10-F16/20 -> 28.7 | G13: cm | I13: Z centrl | J13: =+(F2-J17-J12/50)*100 -> 513 | K13: cm
E14: d' | F14: =+F11-F13 -> 4.3 | G14: cm | I14: smax | J14: =+ROUNDUP(MIN(F13/2,8*F16/10,15),0) -> 13 | K14: cm
A15: Z sismica | C15: Alta | E15: Asmin | F15: =14*F8*F13/B17 -> 2.87 | G15: cm2
A16: fc | B16: 210 | C16: kg/cm2 | E16: fi | F16: 16 | G16: mm
A17: fy | B17: 4200 | C17: kg/cm2 | E17: Ab | F17: =0.00785*F16^2 -> 2.0096 | G17: cm2 | I17: bcol | J17: =+'COL horm'!F9/100 -> 0.3 | K17: m
E18: Num | F18: =MAX(INT(F15/F17),2) -> 2 | G18: u | I18: Mpr(-) | J18: =1.25*F21*B17*(F13-1.25*F21*B17/1.7/B16/F8)/100000 -> 18.833209 | K18: t-m
E19: As(-) | F19: =30*F4/F13 -> 16.833794 | G19: cm2 | I19: Mpr(+) | J19: =1.25*F29*B17*(F13-1.25*F29*B17/1.7/B16/F8)/100000 -> 14.426245 | K19: t-m
A20: pb | B20: =0.85*0.85*B16/B17*(6100/(6100+B17)) -> 0.021394417 | E20: Num | F20: =+INT((F19-F18*F17)/F17)+1 -> 7 | G20: u
A21: pmax | B21: =+IF(C15="Alta",0.5*B20,0.75*B20) -> 0.010697209 | E21: As total | F21: =+(F18+F20)*F17 -> 18.0864 | G21: cm2
E22: Cuant | F22: =+F21/F8/F11 -> 0.018269091 | G22: =+IF(F22<B21,"OK","NO") -> NO
E24: sep | F24: =+(F8-2*F9-2-(F18+F20)*F16/10)/(F18+F20-1) -> 1.075 | G24: =+IF(F24>MAX(F16/10,2.54),"OK","NO") -> NO
E25: As(+) | F25: =0.67*F21 -> 12.117888 | G25: cm2
E26: fi | F26: 16 | G26: mm
E27: Ab | F27: =0.00785*F26^2 -> 2.0096 | G27: cm2
E28: Num | F28: =+INT(F25/F27) -> 6 | G28: u
E29: As total | F29: =+F28*F27 -> 12.0576 | G29: cm2
E30: Cuant | F30: =+F29/F8/F11 -> 0.012179394 | G30: =+IF(F30>F22/2,"OK","NO") -> OK
E31: a | F31: =+F21*B17/0.85/B16/F8 -> 14.185412 | G31: cm
E32: Lmax vol | F32: =+(2*F5/B13)^0.33333 -> 2.9393325 | G32: m

Sheet COL horm
A1: Datos Arq | E1: Calculos
A2: L1 | B2: =+'losa horm'!B2 -> 3.96 | C2: m | E2: At | F2: =+(B2/2+B3/2)*(B4/2+B5/2) -> 23.4549 | G2: m2 | I2: Num var | J2: =+F10*2+(F11-2)*2 -> 8 | K2: u | O2: M | P2: P
A3: L2 | B3: =+'losa horm'!B3 -> 6.75 | C3: m | E3: fm | F3: 1.3 | I3: As | J3: =4*0.00785*F12^2+(J2-4)*0.00785*F13^2 -> 9.0432 | K3: cm2 | N3: 1 | O3: 0 | P3: =+(0.85*B14*(F6-J3)+J3*B15)/1000 -> 197.01723 | Q3: =+P3*0.8 -> 157.61378
A4: L3 | B4: =+'losa horm'!B4 -> 4.56 | C4: m | E4: Pult | F4: =+F2*B12*B6*F3/0.85 -> 83.464565 | G4: t | I4: ac | J4: =+F8-2*F17-F14/10 -> 24 | K4: cm | N4: 2 | O4: =+((2*0.00785*F12^2*B15*(F9/2-O8)+(F10-2)*0.00785*F13^2*B15*(F9/2-O8))*2+0.85*B14*F8*O9*(F9/2-O9/2))/100000 -> 9.1215501 | P4: =+P3/3 -> 65.67241
A5: L4 | B5: =+'losa horm'!B5 -> 4.2 | C5: m | E5: Ag nec | F5: =3*F4*1000/(0.85*B14+0.012*B15) -> 1093.8999 | G5: cm2 | I5: pc | J5: =+F9-2*F17-F14/10 -> 24 | K5: cm | N5: 3 | O5: 0 | P5: =+J3*B15/1000*-1 -> -37.98144
A6: Pisos | B6: =+'losa horm'!B6 -> 2 | C6: u | E6: Ag nec | F6: =+F8*F9 -> 900 | G6: cm2 | I6: Ac | J6: =+J4*J5 -> 576 | K6: cm2
A7: He | B7: =+'losa horm'!B7 -> 3.4 | C7: m | E7: Datos de col | N7: d | O7: =+F9-F17-F14/10-F12/20 -> 25.9 | P7: cm
E8: ancho | F8: 30 | G8: cm | I8: Chequeos | N8: d' | O8: =+F9-O7 -> 4.1 | P8: cm
E9: prof | F9: 30 | G9: cm | I9: Cuant | J9: =+J3/F6 -> 0.010048 | K9: =+IF(J9>1%,"OK","NO") -> OK | N9: c | O9: =+O7*0.003/0.005 -> 15.54 | P9: cm
A10: =+'losa horm'!A12 -> Cm | B10: =+'losa horm'!B12 -> 0.7028 | C10: =+'losa horm'!C12 -> t/m2 | E10: var a | F10: 3 | G10: u | I10: sep a | J10: =+(J4-F14/10-2*F12/10-(F10-2)*F13/10)/(F10-1) -> 9.7 | K10: =+IF(J10<15,"OK","NO") -> OK
A11: Cv | B11: =+'VIGAS horm'!B12 -> 0.2 | C11: t/m2 | E11: var p | F11: 3 | G11: u | I11: sep b | J11: =+(J5-F14/10-2*F12/10-(F11-2)*F13/10)/(F11-1) -> 9.7 | K11: =+IF(J11<15,"OK","NO") -> OK | M11: INT | N11: 5.3
A12: Cu | B12: =+B10*1.2+B11*1.6 -> 1.16336 | C12: t/m2 | E12: fi esq | F12: 12 | G12: mm | I12: Confinamiento | M12: MED | N12: 4
E13: fi long | F13: 12 | G13: mm | I13: Ash | J13: =+MAX(0.3*J4*F15*B14/B15*(F6/J6-1),0.09*J4*F15*B14/B15) -> 1.62 | K13: cm2 | M13: ESQ | N13: 3.2
A14: fc | B14: =+'VIGAS horm'!B16 -> 210 | C14: kg/cm2 | E14: fi est | F14: 10 | G14: mm | I14: vinc | J14: =ROUNDUP(J13/0.00785/F14^2,0)-2 -> 1 | K14: u
A15: fy | B15: =+'VIGAS horm'!B17 -> 4200 | C15: kg/cm2 | E15: sep | F15: 8 | G15: =+IF(F15<=J15,"OK","NO") -> OK | I15: sep max | J15: =+ROUNDUP(MIN(6*F12/10,10),0) -> 8 | K15: cm | M15: NF - VD
E16: vinch | F16: 1 | G16: =+IF(F16>=J14,"OK","NO") -> OK | M16: T1 | N16: =+'VIGAS horm'!F21*B15*1.25/1000 -> 94.9536 | O16: t | P16: Condiciones
A17: Tipo col | B17: INT | E17: rec | F17: 2.5 | G17: cm | M17: T2 | N17: =+'VIGAS horm'!F29*B15*1.25/1000 -> 63.3024 | O17: t | Q17: Act | R17: Res
I18: CF - VD | M18: Vcol | N18: =+J20/B7 -> 9.7821922 | O18: t | P18: Vhz | Q18: =+N19 -> 148.47381 | R18: =+N20 -> 58.755287 | S18: =+IF(R18>Q18,"OK","NO") -> NO
I19: ∑Mcol | J19: =+O4*2 -> 18.2431 | K19: =+J19/J20 -> 0.54850872 | M19: Vj | N19: =+N16+N17-N18 -> 148.47381 | O19: t | P19: Vvt | Q19: =+'VIGAS horm'!F11 -> 33 | R19: =+F9 -> 30 | S19: =+IF(R19>=Q19,"OK","NO") -> NO
I20: ∑Mvig | J20: =+'VIGAS horm'!J18+'VIGAS horm'!J19 -> 33.259453 | M20: Vn | N20: =+N24*B14^0.5*N25*0.85/1000 -> 58.755287 | O20: t | P20: Adh | Q20: =20*'VIGAS horm'!F16/10 -> 32 | R20: =+F9 -> 30 | S20: =+IF(R20>=Q20,"OK","NO") -> NO
I21: =+IF(K19>1.2,"OK","NO") -> NO | P21: =+IF(S41=1,"OK","NO") -> NO
M22: a | N22: =+IF(B17=M11,N11,IF(B17=M12,N12,N13)) -> 5.3
M23: Cond | N23: =+IF(N26<0.75*F8,"Baje","Mantenga") -> Mantenga
M24: a def | N24: 5.3
M25: Ac | N25: =+(N26+F8)/2*F9 -> 900 | O25: cm2
M26: Bb | N26: =+'VIGAS horm'!F8 -> 30 | O26: cm
P28: var x | Q28: var y | R28: fi esq | S28: fi l | T28: fi est | U28: sep | V28: vinc
O29: C50 | P29: 5 | Q29: 5 | R29: 16 | S29: 14 | T29: 10 | U29: 10 | V29: 1
O30: C30X40 | P30: 4 | Q30: 3 | R30: 14 | S30: 12 | T30: 10 | U30: 9 | V30: 0
O31: C40X30 | V31: 1
S38: =+IF(S18="OK",1,0) -> 0
S39: =+IF(S19="OK",1,0) -> 0
S40: =+IF(S20="OK",1,0) -> 0
S41: =+S38*S39*S40 -> 0

Sheet SISMICA
A1: DATOS SIIMICOS | E1: Calculos Met | J1: Calculos Horm | O1: T | P1: Sa | Q1: Saine
A2: I | B2: 1 | E2: Tc | F2: =0.55*B11*B10/B9 -> 0.69813333 | G2: s | J2: Tc | K2: =+F2 -> 0.69813333 | L2: s | O2: 0 | P2: =+IF(O2<$F$2,$B$7*$B$8*$B$9,$B$7*$B$8*$B$9*($F$2/O2)^$B$12) -> 1.1904 | Q2: =+$B$2*P2/$B$3/$B$4/$B$5 -> 0.22044444 | U2: x | V2: y
A3: fi p | B3: 0.9 | E3: T f | F3: 0.45 | G3: s | J3: T f | K3: 0.48 | L3: s | O3: 0.1 | P3: =+IF(O3<$F$2,$B$7*$B$8*$B$9,$B$7*$B$8*$B$9*($F$2/O3)^$B$12) -> 1.1904 | Q3: =+$B$2*P3/$B$3/$B$4/$B$5 -> 0.22044444 | U3: =+F3 -> 0.45 | V3: 0
A4: fi e | B4: 1 | E4: Sa | F4: =VLOOKUP(F3,$O$2:$P$32,2,1) -> 1.1904 | J4: Sa | K4: =VLOOKUP(K3,$O$2:$P$32,2,1) -> 1.1904 | O4: 0.2 | P4: =+IF(O4<$F$2,$B$7*$B$8*$B$9,$B$7*$B$8*$B$9*($F$2/O4)^$B$12) -> 1.1904 | Q4: =+$B$2*P4/$B$3/$B$4/$B$5 -> 0.22044444 | U4: =+U3 -> 0.45 | V4: =+F4 -> 1.1904
A5: R | B5: 6 | E5: Coef | F5: =+B2*F4/B3/B4/B5 -> 0.22044444 | J5: Coef | K5: =+B2*K4/B3/B4/B5 -> 0.22044444 | O5: 0.3 | P5: =+IF(O5<$F$2,$B$7*$B$8*$B$9,$B$7*$B$8*$B$9*($F$2/O5)^$B$12) -> 1.1904 | Q5: =+$B$2*P5/$B$3/$B$4/$B$5 -> 0.22044444
O6: 0.4 | P6: =+IF(O6<$F$2,$B$7*$B$8*$B$9,$B$7*$B$8*$B$9*($F$2/O6)^$B$12) -> 1.1904 | Q6: =+$B$2*P6/$B$3/$B$4/$B$5 -> 0.22044444 | U6: 0 | V6: =+F4 -> 1.1904
A7: n | B7: 2.48 | O7: 0.5 | P7: =+IF(O7<$F$2,$B$7*$B$8*$B$9,$B$7*$B$8*$B$9*($F$2/O7)^$B$12) -> 1.1904 | Q7: =+$B$2*P7/$B$3/$B$4/$B$5 -> 0.22044444 | U7: =+U3 -> 0.45 | V7: =+F4 -> 1.1904
A8: Z | B8: 0.4 | O8: 0.6 | P8: =+IF(O8<$F$2,$B$7*$B$8*$B$9,$B$7*$B$8*$B$9*($F$2/O8)^$B$12) -> 1.1904 | Q8: =+$B$2*P8/$B$3/$B$4/$B$5 -> 0.22044444
A9: Fa | B9: 1.2 | O9: 0.7 | P9: =+IF(O9<$F$2,$B$7*$B$8*$B$9,$B$7*$B$8*$B$9*($F$2/O9)^$B$12) -> 1.1872256 | Q9: =+$B$2*P9/$B$3/$B$4/$B$5 -> 0.21985659
A10: Fd | B10: 1.19 | O10: 0.8 | P10: =+IF(O10<$F$2,$B$7*$B$8*$B$9,$B$7*$B$8*$B$9*($F$2/O10)^$B$12) -> 1.0388224 | Q10: =+$B$2*P10/$B$3/$B$4/$B$5 -> 0.19237452
A11: Fs | B11: 1.28 | O11: 0.9 | P11: =+IF(O11<$F$2,$B$7*$B$8*$B$9,$B$7*$B$8*$B$9*($F$2/O11)^$B$12) -> 0.92339769 | Q11: =+$B$2*P11/$B$3/$B$4/$B$5 -> 0.17099957
A12: r | B12: 1 | F12: elas | G12: inel | K12: elas | L12: inel | O12: 1 | P12: =+IF(O12<$F$2,$B$7*$B$8*$B$9,$B$7*$B$8*$B$9*($F$2/O12)^$B$12) -> 0.83105792 | Q12: =+$B$2*P12/$B$3/$B$4/$B$5 -> 0.15389961
E13: Deriva x | F13: 0.0026 | G13: =+F13*0.75*$B$5 -> 0.0117 | H13: =+IF(G13<2%,"OK","NO") -> OK | J13: Deriva x | K13: 0.0032 | L13: =+K13*0.75*$B$5 -> 0.0144 | M13: =+IF(L13<2%,"OK","NO") -> OK | O13: 1.1 | P13: =+IF(O13<$F$2,$B$7*$B$8*$B$9,$B$7*$B$8*$B$9*($F$2/O13)^$B$12) -> 0.7555072 | Q13: =+$B$2*P13/$B$3/$B$4/$B$5 -> 0.13990874
E14: Deriva Y | F14: 0.0022 | G14: =+F14*0.75*$B$5 -> 0.0099 | H14: =+IF(G14<2%,"OK","NO") -> OK | J14: Deriva Y | K14: 0.0025 | L14: =+K14*0.75*$B$5 -> 0.01125 | M14: =+IF(L14<2%,"OK","NO") -> OK | O14: 1.2 | P14: =+IF(O14<$F$2,$B$7*$B$8*$B$9,$B$7*$B$8*$B$9*($F$2/O14)^$B$12) -> 0.69254827 | Q14: =+$B$2*P14/$B$3/$B$4/$B$5 -> 0.12824968
O15: 1.3 | P15: =+IF(O15<$F$2,$B$7*$B$8*$B$9,$B$7*$B$8*$B$9*($F$2/O15)^$B$12) -> 0.63927532 | Q15: =+$B$2*P15/$B$3/$B$4/$B$5 -> 0.11838432
O16: 1.4 | P16: =+IF(O16<$F$2,$B$7*$B$8*$B$9,$B$7*$B$8*$B$9*($F$2/O16)^$B$12) -> 0.5936128 | Q16: =+$B$2*P16/$B$3/$B$4/$B$5 -> 0.1099283
O17: 1.5 | P17: =+IF(O17<$F$2,$B$7*$B$8*$B$9,$B$7*$B$8*$B$9*($F$2/O17)^$B$12) -> 0.55403861 | Q17: =+$B$2*P17/$B$3/$B$4/$B$5 -> 0.10259974
O18: 1.6 | P18: =+IF(O18<$F$2,$B$7*$B$8*$B$9,$B$7*$B$8*$B$9*($F$2/O18)^$B$12) -> 0.5194112 | Q18: =+$B$2*P18/$B$3/$B$4/$B$5 -> 0.096187259
O19: 1.7 | P19: =+IF(O19<$F$2,$B$7*$B$8*$B$9,$B$7*$B$8*$B$9*($F$2/O19)^$B$12) -> 0.4888576 | Q19: =+$B$2*P19/$B$3/$B$4/$B$5 -> 0.090529185
O20: 1.8 | P20: =+IF(O20<$F$2,$B$7*$B$8*$B$9,$B$7*$B$8*$B$9*($F$2/O20)^$B$12) -> 0.46169884 | Q20: =+$B$2*P20/$B$3/$B$4/$B$5 -> 0.085499786
O21: 1.9 | P21: =+IF(O21<$F$2,$B$7*$B$8*$B$9,$B$7*$B$8*$B$9*($F$2/O21)^$B$12) -> 0.43739891 | Q21: =+$B$2*P21/$B$3/$B$4/$B$5 -> 0.080999797
O22: 2 | P22: =+IF(O22<$F$2,$B$7*$B$8*$B$9,$B$7*$B$8*$B$9*($F$2/O22)^$B$12) -> 0.41552896 | Q22: =+$B$2*P22/$B$3/$B$4/$B$5 -> 0.076949807
O23: 2.1 | P23: =+IF(O23<$F$2,$B$7*$B$8*$B$9,$B$7*$B$8*$B$9*($F$2/O23)^$B$12) -> 0.39574187 | Q23: =+$B$2*P23/$B$3/$B$4/$B$5 -> 0.073285531
O24: 2.2 | P24: =+IF(O24<$F$2,$B$7*$B$8*$B$9,$B$7*$B$8*$B$9*($F$2/O24)^$B$12) -> 0.3777536 | Q24: =+$B$2*P24/$B$3/$B$4/$B$5 -> 0.06995437
O25: 2.3 | P25: =+IF(O25<$F$2,$B$7*$B$8*$B$9,$B$7*$B$8*$B$9*($F$2/O25)^$B$12) -> 0.36132953 | Q25: =+$B$2*P25/$B$3/$B$4/$B$5 -> 0.066912876
O26: 2.4 | P26: =+IF(O26<$F$2,$B$7*$B$8*$B$9,$B$7*$B$8*$B$9*($F$2/O26)^$B$12) -> 0.34627413 | Q26: =+$B$2*P26/$B$3/$B$4/$B$5 -> 0.06412484
... O32: 3 | P32: =+IF(O32<$F$2,$B$7*$B$8*$B$9,$B$7*$B$8*$B$9*($F$2/O32)^$B$12) -> 0.27701931 | Q32: =+$B$2*P32/$B$3/$B$4/$B$5 -> 0.051299872

Sheet DATOS SISMICOS
A2: COEFICIENTES PARA ESPECTRO DE RESPUESTAS | D2: T | E2: Sa | F2: Sa ine
A3: Zona sísmica | B3: V | C3: Tabla 1 | D3: 0 | E3: =+IF(D3<$B$11,$B$9*$B$4*$B$6,$B$9*$B$4*$B$6*($B$11/D3)^$B$10) -> 1.1904 | F3: =+$B$18*E3/$B$16/$B$17/$B$15 -> 0.22044444
A4: Valor Factor Z | B4: 0.4 | C4: Tabla 1 | D4: 0.1 | E4: =+IF(D4<$B$11,$B$9*$B$4*$B$6,$B$9*$B$4*$B$6*($B$11/D4)^$B$10) -> 1.1904 | F4: =+$B$18*E4/$B$16/$B$17/$B$15 -> 0.22044444
A5: Tipo de suelo | B5: D | C5: Estudio | D5: 0.2 | E5: =+IF(D5<$B$11,$B$9*$B$4*$B$6,$B$9*$B$4*$B$6*($B$11/D5)^$B$10) -> 1.1904 | F5: =+$B$18*E5/$B$16/$B$17/$B$15 -> 0.22044444
A6: Coeficiente de ampliación de suelo en la zona de periodo corto Fa | B6: 1.2 | C6: Tabla 3 | D6: 0.3 | E6: =+IF(D6<$B$11,$B$9*$B$4*$B$6,$B$9*$B$4*$B$6*($B$11/D6)^$B$10) -> 1.1904 | F6: =+$B$18*E6/$B$16/$B$17/$B$15 -> 0.22044444
A7: Ampliación de las ordenadas del espectro elástico de respuesta de desplazamiento para diseño en roca Fd | B7: 1.19 | C7: Tabla 4 | D7: 0.4 | E7: =+IF(D7<$B$11,$B$9*$B$4*$B$6,$B$9*$B$4*$B$6*($B$11/D7)^$B$10) -> 1.1904 | F7: =+$B$18*E7/$B$16/$B$17/$B$15 -> 0.22044444
A8: Comportamiento no lineal de los suelos Fs | B8: 1.28 | C8: Tabla 5 | D8: 0.5 | E8: =+IF(D8<$B$11,$B$9*$B$4*$B$6,$B$9*$B$4*$B$6*($B$11/D8)^$B$10) -> 1.1904 | F8: =+$B$18*E8/$B$16/$B$17/$B$15 -> 0.22044444
A9: Relación de amplificación espectral ɳ | B9: 2.48 | C9: Sección 3,3,1 | D9: 0.6 | E9: =+IF(D9<$B$11,$B$9*$B$4*$B$6,$B$9*$B$4*$B$6*($B$11/D9)^$B$10) -> 1.1904 | F9: =+$B$18*E9/$B$16/$B$17/$B$15 -> 0.22044444
A10: Factor usado en el espectro de diseño elástico r | B10: 1 | C10: Sección 3,3,1 | D10: 0.7 | E10: =+IF(D10<$B$11,$B$9*$B$4*$B$6,$B$9*$B$4*$B$6*($B$11/D10)^$B$10) -> 1.1872256 | F10: =+$B$18*E10/$B$16/$B$17/$B$15 -> 0.21985659
A11: Periodo limite de vibración en el espectro elástico Tc | B11: =0.55*B8*B7/B6 -> 0.69813333 | C11: Sección 3,3,1 | D11: 0.8 | E11: =+IF(D11<$B$11,$B$9*$B$4*$B$6,$B$9*$B$4*$B$6*($B$11/D11)^$B$10) -> 1.0388224 | F11: =+$B$18*E11/$B$16/$B$17/$B$15 -> 0.19237452
D12: 0.9 | E12: =+IF(D12<$B$11,$B$9*$B$4*$B$6,$B$9*$B$4*$B$6*($B$11/D12)^$B$10) -> 0.92339769 | F12: =+$B$18*E12/$B$16/$B$17/$B$15 -> 0.17099957
D13: 1 | E13: =+IF(D13<$B$11,$B$9*$B$4*$B$6,$B$9*$B$4*$B$6*($B$11/D13)^$B$10) -> 0.83105792 | F13: =+$B$18*E13/$B$16/$B$17/$B$15 -> 0.15389961
A14: FACTORES PARA LA REDUCCION DEL ESPECTRO | D14: 1.1 | E14: =+IF(D14<$B$11,$B$9*$B$4*$B$6,$B$9*$B$4*$B$6*($B$11/D14)^$B$10) -> 0.7555072 | F14: =+$B$18*E14/$B$16/$B$17/$B$15 -> 0.13990874
A15: Factor de reducción de resistencia sísmica R | B15: 6 | C15: Sección 6,3,2 | D15: 1.2 | E15: =+IF(D15<$B$11,$B$9*$B$4*$B$6,$B$9*$B$4*$B$6*($B$11/D15)^$B$10) -> 0.69254827 | F15: =+$B$18*E15/$B$16/$B$17/$B$15 -> 0.12824968
A16: Coeficiente de configuración en planta ɸ p | B16: 0.9 | C16: Sección 6,3,2 | D16: 1.3 | E16: =+IF(D16<$B$11,$B$9*$B$4*$B$6,$B$9*$B$4*$B$6*($B$11/D16)^$B$10) -> 0.63927532 | F16: =+$B$18*E16/$B$16/$B$17/$B$15 -> 0.11838432
A17: Coeficiente de configuración en elevación ɸ e | B17: 1 | C17: Sección 6,3,2 | D17: 1.4 | E17: =+IF(D17<$B$11,$B$9*$B$4*$B$6,$B$9*$B$4*$B$6*($B$11/D17)^$B$10) -> 0.5936128 | F17: =+$B$18*E17/$B$16/$B$17/$B$15 -> 0.1099283
A18: Factor de Importancia de la estructura I | B18: 1 | C18: Tabla 6 | D18: 1.5 | E18: =+IF(D18<$B$11,$B$9*$B$4*$B$6,$B$9*$B$4*$B$6*($B$11/D18)^$B$10) -> 0.55403861 | F18: =+$B$18*E18/$B$16/$B$17/$B$15 -> 0.10259974
D19: 1.6 | E19: =+IF(D19<$B$11,$B$9*$B$4*$B$6,$B$9*$B$4*$B$6*($B$11/D19)^$B$10) -> 0.5194112 | F19: =+$B$18*E19/$B$16/$B$17/$B$15 -> 0.096187259
D20: 1.7 | E20: =+IF(D20<$B$11,$B$9*$B$4*$B$6,$B$9*$B$4*$B$6*($B$11/D20)^$B$10) -> 0.4888576 | F20: =+$B$18*E20/$B$16/$B$17/$B$15 -> 0.090529185
A21: PERIODO DE VIBRACION METODO 1 | D21: 1.8 | E21: =+IF(D21<$B$11,$B$9*$B$4*$B$6,$B$9*$B$4*$B$6*($B$11/D21)^$B$10) -> 0.46169884 | F21: =+$B$18*E21/$B$16/$B$17/$B$15 -> 0.085499786
A22: Coeficiente que depende del tipo de edificio | B22: 0.072 | C22: Sección 6,3,3 | D22: 1.9 | E22: =+IF(D22<$B$11,$B$9*$B$4*$B$6,$B$9*$B$4*$B$6*($B$11/D22)^$B$10) -> 0.43739891 | F22: =+$B$18*E22/$B$16/$B$17/$B$15 -> 0.080999797
A23: Altura del edificio | B23: 6.55 | C23: Planos | D23: 2 | E23: =+IF(D23<$B$11,$B$9*$B$4*$B$6,$B$9*$B$4*$B$6*($B$11/D23)^$B$10) -> 0.41552896 | F23: =+$B$18*E23/$B$16/$B$17/$B$15 -> 0.076949807
A24: Factor α | B24: 0.8 | C24: Sección 6,3,3 | D24: 2.1 | E24: =+IF(D24<$B$11,$B$9*$B$4*$B$6,$B$9*$B$4*$B$6*($B$11/D24)^$B$10) -> 0.39574187 | F24: =+$B$18*E24/$B$16/$B$17/$B$15 -> 0.073285531
A25: T Periodo de vibración | B25: =+B22*B23^B24 -> 0.32383631 | C25: Formula | D25: 2.2 | E25: =+IF(D25<$B$11,$B$9*$B$4*$B$6,$B$9*$B$4*$B$6*($B$11/D25)^$B$10) -> 0.3777536 | F25: =+$B$18*E25/$B$16/$B$17/$B$15 -> 0.06995437
A26: Aceleración Inelástica SA ine | B26: =VLOOKUP(B25,D3:E33,2,1)*B18/B16/B17/B15 -> 0.22044444 | C26: Cuadro | D26: 2.3 | E26: =+IF(D26<$B$11,$B$9*$B$4*$B$6,$B$9*$B$4*$B$6*($B$11/D26)^$B$10) -> 0.36132953 | F26: =+$B$18*E26/$B$16/$B$17/$B$15 -> 0.066912876
A27: Valor k | B27: =+IF(B25<0.5,1,IF(B25>2.5,2,0.75+0.5*B25)) -> 1 | C27: Seccion 6,3,5 | D27: 2.4 | E27: =+IF(D27<$B$11,$B$9*$B$4*$B$6,$B$9*$B$4*$B$6*($B$11/D27)^$B$10) -> 0.34627413 | F27: =+$B$18*E27/$B$16/$B$17/$B$15 -> 0.06412484
D28: 2.5 | E28: =+IF(D28<$B$11,$B$9*$B$4*$B$6,$B$9*$B$4*$B$6*($B$11/D28)^$B$10) -> 0.33242317 | F28: =+$B$18*E28/$B$16/$B$17/$B$15 -> 0.061559846
D29: 2.6 | E29: =+IF(D29<$B$11,$B$9*$B$4*$B$6,$B$9*$B$4*$B$6*($B$11/D29)^$B$10) -> 0.31963766 | F29: =+$B$18*E29/$B$16/$B$17/$B$15 -> 0.05919216
D30: 2.7 | E30: =+IF(D30<$B$11,$B$9*$B$4*$B$6,$B$9*$B$4*$B$6*($B$11/D30)^$B$10) -> 0.30779923 | F30: =+$B$18*E30/$B$16/$B$17/$B$15 -> 0.056999857
D31: 2.8 | E31: =+IF(D31<$B$11,$B$9*$B$4*$B$6,$B$9*$B$4*$B$6*($B$11/D31)^$B$10) -> 0.2968064 | F31: =+$B$18*E31/$B$16/$B$17/$B$15 -> 0.054964148
D32: 2.9 | E32: =+IF(D32<$B$11,$B$9*$B$4*$B$6,$B$9*$B$4*$B$6*($B$11/D32)^$B$10) -> 0.2865717 | F32: =+$B$18*E32/$B$16/$B$17/$B$15 -> 0.053068833
D33: 3 | E33: =+IF(D33<$B$11,$B$9*$B$4*$B$6,$B$9*$B$4*$B$6*($B$11/D33)^$B$10) -> 0.27701931 | F33: =+$B$18*E33/$B$16/$B$17/$B$15 -> 0.051299872
E37: =2.48*0.4*1.2*(0.7/0.727) -> 1.1461898
E38: =1.146/6 -> 0.191
D42: =145000*2.3 -> 333500 | G42: =0.004445*0.75*6 -> 0.0200025

Sheet Hoja4
A4: TABLE: Modal Participating Mass Ratios
A5: Case | B5: Mode | C5: Period | D5: UX | E5: UY | F5: UZ | G5: SumUX | H5: SumUY | I5: SumUZ | J5: RX | K5: RY | L5: RZ | M5: SumRX | N5: SumRY | O5: SumRZ
C6: sec
A7: Modal | B7: 1 | C7: 0.462 | D7: 0.8959 | E7: 0.0009 | F7: 0 | G7: 0.8959 | H7: 0.0009 | I7: 0 | J7: 0.0001 | K7: 0.1574 | L7: 0.007 | M7: 0.0001 | N7: 0.1574 | O7: 0.007 | P7: =SUM(J7:L7) -> 0.1645 | Q7: =+L7/P7 -> 0.042553191
A8: Modal | B8: 2 | C8: 0.417 | D8: 0.0022 | E8: 0.8717 | F8: 0 | G8: 0.8981 | H8: 0.8726 | I8: 0 | J8: 0.1344 | K8: 0.0004 | L8: 0.0446 | M8: 0.1345 | N8: 0.1579 | O8: 0.0516 | P8: =SUM(J8:L8) -> 0.1794 | Q8: =+L8/P8 -> 0.24860647
A9: Modal | B9: 3 | C9: 0.337 | D9: 0.0051 | E9: 0.045 | F9: 0 | G9: 0.9032 | H9: 0.9176 | I9: 0 | J9: 0.0063 | K9: 0.0009 | L9: 0.8652 | M9: 0.1408 | N9: 0.1588 | O9: 0.9168 | P9: =SUM(J9:L9) -> 0.8724 | Q9: =+L9/P9 -> 0.99174691
A10: Modal | B10: 4 | C10: 0.132 | D10: 0.0937 | E10: 0.0011 | F10: 0 | G10: 0.9969 | H10: 0.9187 | I10: 0 | J10: 0.0116 | K10: 0.8147 | L10: 0.0014 | M10: 0.1524 | N10: 0.9735 | O10: 0.9182
A11: Modal | B11: 5 | C11: 0.128 | D11: 0.0019 | E11: 0.0781 | F11: 0 | G11: 0.9988 | H11: 0.9968 | I11: 0 | J11: 0.813 | K11: 0.0164 | L11: 0.003 | M11: 0.9654 | N11: 0.9899 | O11: 0.9212
A12: Modal | B12: 6 | C12: 0.103 | D12: 0.0012 | E12: 0.0032 | F12: 0 | G12: 1 | H12: 1 | I12: 0 | J12: 0.0342 | K12: 0.01 | L12: 0.0788 | M12: 0.9997 | N12: 1 | O12: 1
A13: Modal | B13: 7 | C13: 0.025 | D13: 2.147e-06 | E13: 2.306e-05 | F13: 0 | G13: 1 | H13: 1 | I13: 0 | J13: 0.0001 | K13: 1.144e-05 | L13: 7.917e-06 | M13: 0.9998 | N13: 1 | O13: 1
A14: Modal | B14: 8 | C14: 0.024 | D14: 7.699e-07 | E14: 6.459e-06 | F14: 0 | G14: 1 | H14: 1 | I14: 0 | J14: 0.0002 | K14: 1.459e-05 | L14: 1.715e-06 | M14: 1 | N14: 1 | O14: 1
A15: Modal | B15: 9 | C15: 0.023 | D15: 6.382e-07 | E15: 0 | F15: 0 | G15: 1 | H15: 1 | I15: 0 | J15: 0 | K15: 3.351e-06 | L15: 0 | M15: 1 | N15: 1 | O15: 1
A16: Modal | B16: 10 | C16: 0.022 | D16: 0 | E16: 0 | F16: 0 | G16: 1 | H16: 1 | I16: 0 | J16: 0 | K16: 3.672e-06 | L16: 0 | M16: 1 | N16: 1 | O16: 1
A17: Modal | B17: 11 | C17: 0.015 | D17: 0 | E17: 7.568e-07 | F17: 0 | G17: 1 | H17: 1 | I17: 0 | J17: 5.508e-06 | K17: 0 | L17: 0 | M17: 1 | N17: 1 | O17: 1
A18: Modal | B18: 12 | C18: 0.015 | D18: 0 | E18: 0 | F18: 0 | G18: 1 | H18: 1 | I18: 0 | J18: 2.768e-06 | K18: 0 | L18: 0 | M18: 1 | N18: 1 | O18: 1
E21: Distorison SISMO X
E22: x1 | F22: 0.85 | G22: cm
E23: x2 | F23: 0.78 | G23: cm
E24: V prom | F24: =+(F22+F23)/2 -> 0.815 | G24: cm
E25: Aum | F25: =+F24*1.2 -> 0.978 | G25: cm
E27: Val max | F27: =+MAX(F22:F23) -> 0.85 | G27: cm
E28: =+IF(F27<F25,"OK","NO") -> OK
